SampleID,BarcodeSequence,LinkerPrimerSequence,BarcodePlate,Well,Date_sampled,Sample_Location,type,Date_extracted,Extraction_tubeID,Well_Number,Description,Dataframe
p107,GCAGCCATATTG,GTGTGYCAGCMGCCGCGGTAA,11,A11,1/10/2020,Pond_1.1,aqueous,11/13/2020,107,A11,p107,S
p108,TAGGGTAATAAC,GTGTGYCAGCMGCCGCGGTAA,11,A12,1/10/2020,Pond_1.1,sludge,11/13/2020,108,A12,p108,S
p16,TCCGCAACCTGA,GTGTGYCAGCMGCCGCGGTAA,10,B4,10/20/2019,Pond_1.1,sludge,11/2/2020,16,B4,p16,S
p3,TTGACGACATCG,GTGTGYCAGCMGCCGCGGTAA,10,A3,3-Oct,Pond_1.1,aqueous,10/19/2020,3,A3,p3,S
p37,CCGTCAAGATGT,GTGTGYCAGCMGCCGCGGTAA,10,D1,10/3/2019,Pond_1.1,sludge,11/4/2020,37,D1,p37,S
p56,TCTATCTGGCTT,GTGTGYCAGCMGCCGCGGTAA,10,E8,12/9/2019,Pond_1.1,sludge,11/4/2020,56,E8,p56,S
p6,ACTCGTGATAGC,GTGTGYCAGCMGCCGCGGTAA,10,A6,20-Oct,Pond_1.1,aqueous,10/19/2020,6,A6,p6,S
p61,GTCCCTATTATC,GTGTGYCAGCMGCCGCGGTAA,10,F1,1/17/2020,Pond_1.1,sludge,11/13/2020,61,F1,p61,S
p80,CGAGATAGTTTG,GTGTGYCAGCMGCCGCGGTAA,10,G8,12/9/2019,Pond_1.1,aqueous,11/13/2020,80,G8,p80,S
p95,TGCCCTCCGTAG,GTGTGYCAGCMGCCGCGGTAA,10,H11,12/9/2019,Pond_1.1,aqueous,11/13/2020,95,H11,p95,S
p110,TAGTATGCGCAA,GTGTGYCAGCMGCCGCGGTAA,11,B2,1/17/2020,Pond_1.2,sludge,11/14/2020,110,B2,p110,S
p22,TTGGGTACACGT,GTGTGYCAGCMGCCGCGGTAA,10,B10,10/20/2019,Pond_1.2,aqueous,11/2/2020,22,B10,p22,S
p26,CGATCGAACACT,GTGTGYCAGCMGCCGCGGTAA,10,C2,10/3/2019,Pond_1.2,sludge,11/2/2020,26,C2,p26,S
p32,GTCTAGTATTTC,GTGTGYCAGCMGCCGCGGTAA,10,C8,10/20/2019,Pond_1.2,sludge,11/2/2020,32,C8,p32,S
p4,TACCAATCGGTG,GTGTGYCAGCMGCCGCGGTAA,10,A4,3-Oct,Pond_1.2,aqueous,10/19/2020,4,A4,p4,S
p55,TTGGGCCACATA,GTGTGYCAGCMGCCGCGGTAA,10,E7,12/9/2019,Pond_1.2,sludge,11/4/2020,55,E7,p55,S
p68,AGCCACCCGGGA,GTGTGYCAGCMGCCGCGGTAA,10,F8,1/10/2020,Pond_1.2,sludge,11/13/2020,68,F8,p68,S
p73,GGAGTTGAGGTG,GTGTGYCAGCMGCCGCGGTAA,10,G1,12/9/2019,Pond_1.2,aqueous,11/13/2020,73,G1,p73,S
p88,TGTGATCTTTAC,GTGTGYCAGCMGCCGCGGTAA,10,H4,1/10/2020,Pond_1.2,aqueous,11/13/2020,88,H4,p88,S
p19,CTCGAGCGTACT,GTGTGYCAGCMGCCGCGGTAA,10,B7,10/3/2019,Pond_1.3,sludge,11/2/2020,19,B7,p19,S
p20,GCTGTGATTCGA,GTGTGYCAGCMGCCGCGGTAA,10,B8,10/20/2019,Pond_1.3,sludge,11/2/2020,20,B8,p20,S
p31,GCCGAACGCCGA,GTGTGYCAGCMGCCGCGGTAA,10,C7,10/3/2019,Pond_1.3,aqueous,11/2/2020,31,C7,p31,S
p54,AGTAAGTCGATA,GTGTGYCAGCMGCCGCGGTAA,10,E6,12/9/2019,Pond_1.3,sludge,11/4/2020,54,E6,p54,S
p67,GCACATAGTCGT,GTGTGYCAGCMGCCGCGGTAA,10,F7,1/10/2020,Pond_1.3,sludge,11/13/2020,67,F7,p67,S
p74,GCGCAATAGTAT,GTGTGYCAGCMGCCGCGGTAA,10,G2,12/9/2019,Pond_1.3,aqueous,11/13/2020,74,G2,p74,S
p82,GTTCAACAGCTG,GTGTGYCAGCMGCCGCGGTAA,10,G10,1/17/2020,Pond_1.3,aqueous,11/13/2020,82,G10,p82,S
p87,ACTTCATCGTAT,GTGTGYCAGCMGCCGCGGTAA,10,H3,1/10/2020,Pond_1.3,aqueous,11/13/2020,87,H3,p87,S
p90,AACTTCACTTCC,GTGTGYCAGCMGCCGCGGTAA,10,H6,1/17/2020,Pond_1.3,sludge,11/13/2020,90,H6,p90,S
p111,CAATGCCTCACG,GTGTGYCAGCMGCCGCGGTAA,11,B3,1/17/2020,Pond_1.4,sludge,11/14/2020,111,B3,p111,S
p13,AAGGCTGGGCAC,GTGTGYCAGCMGCCGCGGTAA,10,B1,10/20/2019,Pond_1.4,sludge,11/2/2020,13,B1,p13,S
p18,GTGTTCCCAGAA,GTGTGYCAGCMGCCGCGGTAA,10,B6,10/3/2019,Pond_1.4,sludge,11/2/2020,18,B6,p18,S
p5,ATCTGGACGATC,GTGTGYCAGCMGCCGCGGTAA,10,A5,3-Oct,Pond_1.4,aqueous,10/19/2020,5,A5,p5,S
p53,CCACGTACGTAA,GTGTGYCAGCMGCCGCGGTAA,10,E5,12/9/2019,Pond_1.4,sludge,11/4/2020,53,E5,p53,S
p66,GCTACAAGCCCT,GTGTGYCAGCMGCCGCGGTAA,10,F6,1/10/2020,Pond_1.4,sludge,11/13/2020,66,F6,p66,S
p83,CGTTTCAAGGAC,GTGTGYCAGCMGCCGCGGTAA,10,G11,1/17/2020,Pond_1.4,aqueous,11/13/2020,83,G11,p83,S
p86,AGACGACGTGGA,GTGTGYCAGCMGCCGCGGTAA,10,H2,1/10/2020,Pond_1.4,aqueous,11/13/2020,86,H2,p86,S
p9,ACCTCTATTCGT,GTGTGYCAGCMGCCGCGGTAA,10,A9,20-Oct,Pond_1.4,aqueous,10/19/2020,9,A9,p9,S
p84,GCGAGCGAAGTA,GTGTGYCAGCMGCCGCGGTAA,10,G12,12/9/2019,Pond_1.4_,aqueous,11/13/2020,84,G12,p84,S
p123,GCTGACTCCGCT,GTGTGYCAGCMGCCGCGGTAA,11,C3,1/17/2020,Pond_1.5,sludge,11/14/2020,123,C3,p123,S
p17,AGCCGACTCTGT,GTGTGYCAGCMGCCGCGGTAA,10,B5,10/20/2019,Pond_1.5,aqueous,11/2/2020,17,B5,p17,S
p2,CCATATCCCGGA,GTGTGYCAGCMGCCGCGGTAA,10,A2,20-Oct,Pond_1.5,aqueous,10/19/2020,2,A2,p2,S
p52,GAGGGTTGTCGG,GTGTGYCAGCMGCCGCGGTAA,10,E4,12/9/2019,Pond_1.5,sludge,11/4/2020,52,E4,p52,S
p65,CGACGAGATTAT,GTGTGYCAGCMGCCGCGGTAA,10,F5,1/10/2020,Pond_1.5,sludge,11/13/2020,65,F5,p65,S
p81,CTGCAAGCCTGT,GTGTGYCAGCMGCCGCGGTAA,10,G9,1/17/2020,Pond_1.5,aqueous,11/13/2020,81,G9,p81,S
p85,ATCTCTGGCGCC,GTGTGYCAGCMGCCGCGGTAA,10,H1,1/10/2020,Pond_1.5,aqueous,11/13/2020,85,H1,p85,S
p93,GATGGCGGACTG,GTGTGYCAGCMGCCGCGGTAA,10,H9,12/9/2019,Pond_1.5,aqueous,11/13/2020,93,H9,p93,S
p102,TCGTTTCTTCAG,GTGTGYCAGCMGCCGCGGTAA,11,A6,1/10/2020,Pond_2.1,aqueous,11/13/2020,102,A6,p102,S
p109,CCGTAGTGCCCT,GTGTGYCAGCMGCCGCGGTAA,11,B1,1/17/2020,Pond_2.1,sludge,11/14/2020,109,B1,p109,S
p12,GATTTAGAGGCT,GTGTGYCAGCMGCCGCGGTAA,10,A12,20-Oct,Pond_2.1,aqueous,10/19/2020,12,A12,p12,S
p15,TAAGATGCAGTC,GTGTGYCAGCMGCCGCGGTAA,10,B3,10/3/2019,Pond_2.1,sludge,11/2/2020,15,B3,p15,S
p21,CTGCCCTCGATG,GTGTGYCAGCMGCCGCGGTAA,10,B9,10/20/2019,Pond_2.1,sludge,11/2/2020,21,B9,p21,S
p34,CCGCTGATGTCA,GTGTGYCAGCMGCCGCGGTAA,10,C10,10/3/2019,Pond_2.1,aqueous,11/2/2020,34,C10,p34,S
p51,ATGGCTGTCAGT,GTGTGYCAGCMGCCGCGGTAA,10,E3,12/9/2019,Pond_2.1,sludge,11/4/2020,51,E3,p51,S
p64,CCAGGTTAATGC,GTGTGYCAGCMGCCGCGGTAA,10,F4,1/10/2020,Pond_2.1,sludge,11/13/2020,64,F4,p64,S
p72,ATTTCGACCCGG,GTGTGYCAGCMGCCGCGGTAA,10,F12,1/17/2020,Pond_2.1,aqueous,11/13/2020,72,F12,p72,S
p1,TGTGTTACTCCT,GTGTGYCAGCMGCCGCGGTAA,10,A1,3-Oct,Pond_2.2,aqueous,10/19/2020,1,A1,p1,S
p122,TCATTTACAGAT,GTGTGYCAGCMGCCGCGGTAA,11,C2,1/17/2020,Pond_2.2,sludge,11/14/2020,122,C2,p122,S
p14,CGATAGGCCTTA,GTGTGYCAGCMGCCGCGGTAA,10,B2,10/20/2019,Pond_2.2,sludge,11/2/2020,14,B2,p14,S
p23,GATATCGATGAA,GTGTGYCAGCMGCCGCGGTAA,10,B11,10/3/2019,Pond_2.2,sludge,11/2/2020,23,B11,p23,S
p45,TTCTGGTCTTGT,GTGTGYCAGCMGCCGCGGTAA,10,D9,10/20/2019,Pond_2.2,aqueous,11/4/2020,45,D9,p45,S
p50,AGGAAAGCCAGA,GTGTGYCAGCMGCCGCGGTAA,10,E2,12/9/2019,Pond_2.2,sludge,11/4/2020,50,E2,p50,S
p63,TGCGGTTGACTC,GTGTGYCAGCMGCCGCGGTAA,10,F3,1/10/2020,Pond_2.2,sludge,11/13/2020,63,F3,p63,S
p71,ATGTCCGACCAA,GTGTGYCAGCMGCCGCGGTAA,10,F11,1/17/2020,Pond_2.2,aqueous,11/13/2020,71,F11,p71,S
p92,CCTCTCGGGTTG,GTGTGYCAGCMGCCGCGGTAA,10,H8,12/9/2019,Pond_2.2,aqueous,11/13/2020,92,H8,p92,S
p121,TGTGGTGATGTA,GTGTGYCAGCMGCCGCGGTAA,11,C1,1/17/2020,Pond_2.3,sludge,11/14/2020,121,C1,p121,S
p29,TAGAGGCGTAGG,GTGTGYCAGCMGCCGCGGTAA,10,C5,10/20/2019,Pond_2.3,sludge,11/2/2020,29,C5,p29,S
p36,GGTGACTAGTTC,GTGTGYCAGCMGCCGCGGTAA,10,C12,10/5/2019,Pond_2.3,aqueous,11/2/2020,36,C12,p36,S
p38,AGCTGCACCTAA,GTGTGYCAGCMGCCGCGGTAA,10,D2,10/3/2019,Pond_2.3,sludge,11/4/2020,38,D2,p38,S
p40,CATGACGCCTCC,GTGTGYCAGCMGCCGCGGTAA,10,D4,10/20/2019,Pond_2.3,aqueous,11/4/2020,40,D4,p40,S
p62,GCGACGCGGCAT,GTGTGYCAGCMGCCGCGGTAA,10,F2,1/10/2020,Pond_2.3,sludge,11/13/2020,62,F2,p62,S
p70,ACGCACATACAA,GTGTGYCAGCMGCCGCGGTAA,10,F10,1/17/2020,Pond_2.3,aqueous,11/13/2020,70,F10,p70,S
p91,CGACCGGTGAAG,GTGTGYCAGCMGCCGCGGTAA,10,H7,12/9/2019,Pond_2.3,aqueous,11/13/2020,91,H7,p91,S
p94,ATCTTGGAGTCG,GTGTGYCAGCMGCCGCGGTAA,10,H10,1/10/2020,Pond_2.3,aqueous,11/13/2020,94,H10,p94,S
p120,TAGCTTCACTAT,GTGTGYCAGCMGCCGCGGTAA,11,B12,1/17/2020,Pond_2.4,sludge,11/14/2020,120,B12,p120,S
p25,GTGAGCACGCAG,GTGTGYCAGCMGCCGCGGTAA,10,C1,10/3/2019,Pond_2.4,aqueous,11/2/2020,25,C1,p25,S
p39,GGAGTGCCCGAA,GTGTGYCAGCMGCCGCGGTAA,10,D3,10/20/2019,Pond_2.4,aqueous,11/4/2020,39,D3,p39,S
p41,GTATTATGACTT,GTGTGYCAGCMGCCGCGGTAA,10,D5,10/20/2019,Pond_2.4,sludge,11/4/2020,41,D5,p41,S
p46,TCCAGGGCTATA,GTGTGYCAGCMGCCGCGGTAA,10,D10,10/3/2019,Pond_2.4,sludge,11/4/2020,46,D10,p46,S
p49,AATTGAATTTAC,GTGTGYCAGCMGCCGCGGTAA,10,E1,12/9/2019,Pond_2.4,sludge,11/4/2020,49,E1,p49,S
p58,GCCTGCAGTACT,GTGTGYCAGCMGCCGCGGTAA,10,E10,1/10/2020,Pond_2.4,sludge,11/4/2020,58,E10,p58,S
p69,ATGTCTTCAACT,GTGTGYCAGCMGCCGCGGTAA,10,F9,1/17/2020,Pond_2.4,aqueous,11/13/2020,69,F9,p69,S
p89,TCCTCCGGTTGG,GTGTGYCAGCMGCCGCGGTAA,10,H5,12/9/2019,Pond_2.4,aqueous,11/13/2020,89,H5,p89,S
p11,ACCTTCGCGCAC,GTGTGYCAGCMGCCGCGGTAA,10,A11,20-Oct,Pond_2.5,aqueous,10/19/2020,11,A11,p11,S
p119,AGCTGATAGTTG,GTGTGYCAGCMGCCGCGGTAA,11,B11,1/17/2020,Pond_2.5,sludge,11/14/2020,119,B11,p119,S
p125,GGCGTTGCATTC,GTGTGYCAGCMGCCGCGGTAA,11,C5,1/17/2020,Pond_2.5,aqueous,11/14/2020,125,C5,p125,S
p42,CATAATCTTGCT,GTGTGYCAGCMGCCGCGGTAA,10,D6,10/20/2019,Pond_2.5,sludge,11/4/2020,42,D6,p42,S
p48,ATCACCAGGTGT,GTGTGYCAGCMGCCGCGGTAA,10,D12,12/9/2019,Pond_2.5,sludge,11/4/2020,48,D12,p48,S
p57,ATACCTAAATAT,GTGTGYCAGCMGCCGCGGTAA,10,E9,1/10/2020,Pond_2.5,sludge,11/4/2020,57,E9,p57,S
p59,ATGGTTCACCCG,GTGTGYCAGCMGCCGCGGTAA,10,E11,1/10/2020,Pond_2.5,aqueous,11/4/2020,59,E11,p59,S
p75,CACATATTGGGC,GTGTGYCAGCMGCCGCGGTAA,10,G3,12/9/2019,Pond_2.5,sludge,11/13/2020,75,G3,p75,S
p79,CTCTCGGCGTAA,GTGTGYCAGCMGCCGCGGTAA,10,G7,12/9/2019,Pond_2.5,aqueous,11/13/2020,79,G7,p79,S
p10,AGTGAAATACTG,GTGTGYCAGCMGCCGCGGTAA,10,A10,20-Oct,Pt_11,aqueous,10/19/2020,10,A10,p10,S
p105,TCGGATCTGTGA,GTGTGYCAGCMGCCGCGGTAA,11,A9,1/9/2020,Pt_11,aqueous,11/13/2020,105,A9,p105,S
p113,AATTGTGTCGGA,GTGTGYCAGCMGCCGCGGTAA,11,B5,1/17/2020,Pt_11,aqueous,11/14/2020,113,B5,p113,S
p28,GCAGGGTCGAAC,GTGTGYCAGCMGCCGCGGTAA,10,C4,10/5/2019,Pt_11,aqueous,11/2/2020,28,C4,p28,S
p77,ACCCGACGGGAC,GTGTGYCAGCMGCCGCGGTAA,10,G5,12/9/2019,Pt_11,aqueous,11/13/2020,77,G5,p77,S
p104,TTGCCAAGAGTC,GTGTGYCAGCMGCCGCGGTAA,11,A8,1/9/2020,Pt_12,aqueous,11/13/2020,104,A8,p104,S
p114,GATAGTCAGATA,GTGTGYCAGCMGCCGCGGTAA,11,B6,1/17/2020,Pt_12,aqueous,11/14/2020,114,B6,p114,S
p7,ATGTGGCGTGTT,GTGTGYCAGCMGCCGCGGTAA,10,A7,5-Oct,Pt_12,aqueous,10/19/2020,7,A7,p7,S
p76,CATGTTGGAACA,GTGTGYCAGCMGCCGCGGTAA,10,G4,12/9/2019,Pt_12,aqueous,11/13/2020,76,G4,p76,S
p8,AGACATACCGTA,GTGTGYCAGCMGCCGCGGTAA,10,A8,20-Oct,Pt_12,aqueous,10/19/2020,8,A8,p8,S
p101,GTACCTAGCCTG,GTGTGYCAGCMGCCGCGGTAA,11,A5,12/9/2019,Pt_14,aqueous,11/13/2020,101,A5,p101,S
p103,CACCACAGAATC,GTGTGYCAGCMGCCGCGGTAA,11,A7,1/9/2020,Pt_14,aqueous,11/13/2020,103,A7,p103,S
p115,CGAGCAATCCTA,GTGTGYCAGCMGCCGCGGTAA,11,B7,1/17/2020,Pt_14,aqueous,11/14/2020,115,B7,p115,S
p35,ACCCTCAGCCCA,GTGTGYCAGCMGCCGCGGTAA,10,C11,10/5/2019,Pt_14,aqueous,11/2/2020,35,C11,p35,S
p44,ACTATATTAGCT,GTGTGYCAGCMGCCGCGGTAA,10,D8,10/20/2019,Pt_14,aqueous,11/4/2020,44,D8,p44,S
p100,TGTAGGTGTGCT,GTGTGYCAGCMGCCGCGGTAA,11,A4,12/9/2019,Pt_15,aqueous,11/13/2020,100,A4,p100,S
p112,GATTACATCATT,GTGTGYCAGCMGCCGCGGTAA,11,B4,1/9/2020,Pt_15,aqueous,11/14/2020,112,B4,p112,S
p124,GGAGTCTCTTGC,GTGTGYCAGCMGCCGCGGTAA,11,C4,1/17/2020,Pt_15,aqueous,11/14/2020,124,C4,p124,S
p33,AAGCATTGAGAT,GTGTGYCAGCMGCCGCGGTAA,10,C9,10/5/2019,Pt_15,aqueous,11/2/2020,33,C9,p33,S
p47,GACTATAATGGC,GTGTGYCAGCMGCCGCGGTAA,10,D11,10/20/2019,Pt_15,aqueous,11/4/2020,47,D11,p47,S
p116,ATCTGCGCACCA,GTGTGYCAGCMGCCGCGGTAA,11,B8,1/17/2020,Pt_16,aqueous,11/14/2020,116,B8,p116,S
p118,GGAATAGTTTAG,GTGTGYCAGCMGCCGCGGTAA,11,B10,12/9/2019,Pt_16,aqueous,11/14/2020,118,B10,p118,S
p27,TTCGCTAACCTT,GTGTGYCAGCMGCCGCGGTAA,10,C3,10/5/2019,Pt_16,aqueous,11/2/2020,27,C3,p27,S
p43,TGCGTGGGTGGA,GTGTGYCAGCMGCCGCGGTAA,10,D7,10/20/2019,Pt_16,aqueous,11/4/2020,43,D7,p43,S
p60,CCGTGGACCAGG,GTGTGYCAGCMGCCGCGGTAA,10,E12,1/9/2020,Pt_16,aqueous,11/4/2020,60,E12,p60,S
p106,CAAGTCGAATAC,GTGTGYCAGCMGCCGCGGTAA,11,A10,1/9/2020,Pt_9,aqueous,11/13/2020,106,A10,p106,S
p117,CACAGCGTCCTA,GTGTGYCAGCMGCCGCGGTAA,11,B9,1/17/2020,Pt_9,aqueous,11/14/2020,117,B9,p117,S
p24,AACGCGAAATTC,GTGTGYCAGCMGCCGCGGTAA,10,B12,10/5/2019,pt_9,aqueous,11/2/2020,24,B12,p24,S
p30,CAGGTAATAATG,GTGTGYCAGCMGCCGCGGTAA,10,C6,10/20/2019,Pt_9,aqueous,11/2/2020,30,C6,p30,S
p78,AGGTCATCTTGG,GTGTGYCAGCMGCCGCGGTAA,10,G6,12/9/2019,Pt_9,aqueous,11/13/2020,78,G6,p78,S
